id,DisplayName,reputation,UpVotes,DownVotes,views,CreationDate,Age,LastAccessDate,NumberOFAnswers,NumberOFQuestions
"1199","Blair Conrad","123592","1968","25","4413","2008-08-13 12:45:22","44","2017-11-11 21:01:54","301","2"
"1583","Oded","376065","3850","4340","46231","2008-08-16 20:54:12","44","2017-11-12 00:25:51","7565","31"
"4323","John Zwinck","119468","3148","731","7887","2008-09-02 20:46:09","","2017-11-12 04:14:11","4145","104"
"4725","Tom Hawtin - tackline","117423","3665","2537","20540","2008-09-05 11:21:05","45","2017-11-10 10:57:15","2151","5"
"5190","Vinko Vrsalovic","184671","1221","177","10438","2008-09-08 12:03:43","75","2017-11-07 10:30:18","1226","45"
"6819","Darrel Miller","100292","1117","204","9592","2008-09-15 12:40:50","46","2017-11-11 21:24:44","1348","24"
"7432","Bryan Oakley","173546","10625","7773","15670","2008-09-15 13:43:53","57","2017-11-11 23:06:47","5279","36"
"19563","Charles Bailey","440806","1144","201","23441","2008-09-20 09:39:05","","2017-11-11 13:27:54","1976","0"
"27535","gbn","305815","4511","1077","38102","2008-10-13 17:10:51","48","2017-11-11 11:26:38","5219","9"
"37213","duffymo","252238","7414","5797","26944","2008-10-16 01:43:36","","2017-11-12 03:07:37","7931","23"
"40521","Shyju","120911","1249","275","6341","2008-11-25 05:29:48","","2017-11-12 03:08:57","3659","323"
"50079","Jon","308647","2553","1178","28448","2008-12-30 05:05:52","38","2017-11-12 00:36:52","5395","14"
"55847","LukeH","181511","6077","360","5731","2009-01-16 14:15:48","","2017-11-10 17:02:51","1576","1"
"57695","Peter Lawrey","399382","15493","296","57096","2009-01-21 21:27:38","","2017-11-10 12:04:55","12980","31"
"60761","Henk Holterman","196194","14084","6220","23426","2009-01-30 18:53:41","","2017-11-11 22:04:16","4463","11"
"61305","Aaron Bertrand","188009","3168","6929","19247","2009-02-01 23:01:11","43","2017-11-12 03:32:21","3372","2"
"67606","Pablo Santa Cruz","117092","7477","90","8619","2009-02-17 22:36:20","41","2017-11-10 19:47:12","1932","54"
"83805","Don Stewart","122700","879","85","19555","2009-03-27 20:35:38","37","2017-09-28 11:01:10","1106","3"
"84651","Justin Niessner","195189","2401","48","11349","2009-03-30 14:24:47","33","2017-11-11 23:28:46","3684","12"
"87015","Salman A","143670","4018","871","13327","2009-04-04 05:53:20","37","2017-11-11 21:09:00","2100","146"
"95706","Dan Moulding","111672","908","145","3962","2009-04-24 19:34:21","41","2017-11-11 09:33:21","155","6"
"97337","Rob Napier","175596","6902","36","13356","2009-04-28 20:16:02","45","2017-11-11 19:46:10","3518","14"
"100754","Sinan Ünür","102695","5153","3152","14534","2009-05-04 09:04:02","48","2017-11-06 15:04:33","2127","32"
"119963","Jefromi","278634","1651","113","8177","2009-06-09 16:22:21","32","2017-11-10 22:30:11","738","1"
"131872","camickr","253714","1731","988","11952","2009-07-01 17:57:23","","2017-11-12 02:43:39","8228","6"
"138475","Pascal MARTIN","305430","2924","69","24357","2009-07-15 04:41:02","32","2017-11-11 21:12:58","3050","3"
"140719","sbi","150200","5036","1482","13930","2009-07-18 17:26:29","","2017-11-08 10:25:25","1507","64"
"144424","Adriaan Stander","119565","2864","36","8559","2008-10-14 07:10:06","","2017-11-11 05:40:44","2776","11"
"179910","Jerry Coffin","352398","7547","238","24786","2009-09-27 23:38:05","53","2017-11-12 04:08:33","8296","3"
"182668","Pointy","285715","12939","2202","23621","2009-10-01 18:04:39","57","2017-11-11 23:19:02","6140","48"
"187690","AnT","232119","528","451","12507","2009-10-10 15:37:54","","2017-11-12 04:33:54","3591","20"
"204847","Mike Seymour","201708","8175","75","13751","2009-11-06 13:33:20","42","2015-07-06 16:46:36","4409","0"
"208809","Gordon","240753","7263","4421","27701","2009-11-11 16:11:22","41","2017-11-11 22:41:37","2677","14"
"244296","Cristian","155407","1846","198","11038","2010-01-05 22:09:20","","2017-11-10 23:56:20","951","42"
"259038","Josh David Miller","116222","484","9","13590","2010-01-26 06:22:18","","2017-10-26 00:03:41","133","2"
"263525","Denys Séguret","244090","2797","5947","20695","2010-02-01 13:30:50","45","2017-11-11 15:40:46","5311","72"
"276052","aioobe","287216","6987","529","17747","2010-02-18 12:32:04","34","2017-11-11 21:11:22","3055","130"
"298479","ThiefMaster","213081","6419","5779","31069","2010-03-21 15:14:01","29","2017-11-12 01:02:20","3540","88"
"324364","joran","118074","6672","4473","10559","2010-04-23 16:07:00","38","2017-11-12 03:08:13","1467","13"
"324584","Mark Baker","163533","3837","431","22448","2010-04-23 20:26:21","57","2017-11-12 00:41:40","4015","31"
"330315","a_horse_with_no_name","234179","6203","3766","62941","2010-05-01 10:58:14","","2017-11-11 22:10:00","5441","8"
"345031","mario","115180","18880","5296","10683","2010-05-19 12:17:28","36","2017-11-12 04:07:16","2421","26"
"362536","Brad","100652","10521","1901","14696","2010-06-09 14:24:09","","2017-11-12 04:08:18","2937","196"
"383861","Blaise Doughan","121428","7019","309","14645","2010-07-05 16:45:43","42","2017-11-10 21:30:38","2908","2"
"398670","Craig Ringer","164173","3820","485","10742","2010-07-22 03:12:09","","2017-11-10 04:41:02","3143","45"
"413501","Ladislav Mrnka","306895","3647","76","33232","2010-08-06 21:39:38","35","2017-11-11 18:55:03","5002","70"
"418556","Andrew Thompson","146262","14648","7042","38616","2010-08-12 15:02:16","53","2017-11-12 00:46:22","4314","44"
"424300","Dylan Markow","100009","1836","22","2281","2010-08-18 16:54:40","35","2017-11-12 02:23:16","997","1"
"425275","Šime Vidas","103099","1190","72","11702","2010-08-19 13:22:42","33","2017-11-11 12:49:40","1262","190"
"449449","eumiro","103131","2086","124","2461","2010-09-16 11:57:18","","2017-11-11 15:45:04","1147","6"
"458193","Dan Abramov","124506","3257","157","29774","2010-09-25 14:28:25","25","2017-11-10 11:24:54","614","153"
"462627","Praveen Kumar","117810","2511","10411","22093","2010-09-30 08:29:38","28","2017-11-12 00:23:19","4899","56"
"470005","Sergey Berezovskiy","170009","4208","794","15129","2010-10-08 08:15:09","33","2017-11-11 11:09:46","4069","7"
"487339","DSM","162563","10786","110","8058","2010-10-26 08:17:26","","2017-11-12 04:40:34","2299","0"
"505088","David Heffernan","477061","13774","19033","69278","2009-08-25 18:52:23","47","2017-11-11 21:41:25","12226","83"
"521799","Lukas Eder","111824","4248","301","13375","2010-11-26 21:16:49","36","2017-11-11 06:57:02","1842","190"
"522444","Hovercraft Full Of Eels","250148","18438","30110","60211","2010-11-27 18:15:21","59","2017-11-12 03:41:41","7073","6"
"572670","amit","126547","1733","322","15939","2011-01-12 12:13:01","32","2017-11-11 15:38:40","2653","25"
"596781","Kerrek SB","327706","6537","14018","27713","2010-05-30 17:31:20","47","2017-11-12 00:25:06","6262","73"
"649665","James Kanze","121725","59","56","13039","2011-03-08 10:54:43","69","2017-01-09 13:44:01","3396","21"
"790695","James Allardice","124402","914","745","6324","2011-06-09 09:56:49","28","2017-11-10 15:58:04","1813","30"
"939860","Erwin Brandstetter","277264","4471","576","28273","2011-09-12 04:04:08","97","2017-11-12 03:57:17","4887","11"
"1030675","choroba","127991","2665","60","4972","2011-11-05 02:03:50","41","2017-11-12 01:20:54","3658","4"
"1120273","Dietmar Kühl","115016","2193","57","11095","2011-12-29 01:15:54","49","2017-11-12 03:51:37","3199","28"
"1140579","Siddharth Rout","103584","4432","1024","32051","2012-01-10 10:09:45","41","2017-11-02 06:20:53","2807","8"
"1163867","MarcinJuraszek","100546","803","480","8066","2012-01-22 20:05:56","28","2017-11-11 16:35:16","2721","23"
"267","Lasse Vågsæther Karlsen","254516","5420","1698","30265","2008-08-04 10:11:06","46","2017-11-11 22:27:40","2645","279"
"615","Matt Hamilton","149295","1936","69","9044","2008-08-07 11:06:07","44","2017-11-11 06:43:28","800","22"
"825","Pat Notz","107343","775","10","1894","2008-08-09 05:18:45","","2015-03-02 20:48:56","150","10"
"1109","Theo","110639","393","135","6401","2008-08-12 12:16:58","36","2017-11-11 17:27:33","442","31"
"1228","Will","104477","3925","7769","56079","2008-08-13 13:58:55","46","2017-11-10 21:55:57","1712","159"
"1694","Eli Courtwright","100890","7776","169","3044","2008-08-18 02:45:22","34","2017-11-11 05:23:38","260","86"
"3474","erickson","201214","4706","753","16800","2008-08-28 17:28:46","47","2017-11-12 03:19:38","1999","12"
"5380","Kent Boogaart","134696","871","253","15582","2008-09-09 11:49:46","","2017-11-11 04:03:13","1632","93"
"7552","glenn jackman","141246","10493","158","9580","2008-09-15 13:57:22","","2017-11-12 04:34:50","5403","10"
"9990","Marcelo Cantos","130741","686","120","6844","2008-09-15 20:42:36","48","2017-11-12 04:16:42","2489","29"
"12960","Brian Agnew","208494","4228","144","11487","2008-09-16 16:24:36","","2017-11-10 15:38:53","3831","2"
"13249","Nick Craver","484365","3888","10","64371","2008-09-16 17:53:10","32","2017-11-10 18:31:23","6163","10"
"13627","driis","110013","1973","196","4294","2008-09-16 20:16:07","36","2017-11-11 18:37:03","1326","123"
"16076","Mitch Wheat","234572","6547","29245","39840","2008-09-17 14:33:58","","2017-11-12 03:00:53","3971","3"
"16417","Paolo Bergantino","333067","2216","936","20291","2008-09-17 17:02:31","29","2017-11-11 02:04:04","1018","18"
"19299","Brian","101455","1803","371","7249","2008-09-19 20:56:26","","2017-11-11 05:56:14","1395","1"
"20654","OscarRyz","129303","2617","455","13167","2008-09-22 18:43:12","39","2017-11-12 00:28:02","1656","264"
"26428","Dennis Williamson","201450","3397","9","10404","2008-10-09 08:55:15","","2017-11-10 23:06:48","2330","14"
"33213","jalf","193666","4046","1892","17089","2008-10-31 20:31:36","","2017-11-11 19:08:11","1813","19"
"40342","Joachim Sauer","209838","7797","1140","21116","2008-11-24 18:16:48","37","2017-11-11 16:31:04","2043","9"
"43089","Triptych","133300","895","216","6573","2008-12-04 04:40:37","37","2017-11-12 02:38:16","523","8"
"47738","rahul","135156","3918","61","10272","2008-12-19 11:09:06","34","2017-05-30 05:25:42","1795","76"
"55159","Quassnoi","296824","2889","98","20677","2009-01-14 20:03:19","37","2017-11-11 20:15:18","3953","16"
"58808","Ionuț G. Stan","115762","3609","173","6014","2009-01-25 16:26:51","33","2017-11-11 17:38:42","635","48"
"88656","Eric Lippert","474452","1","2931","343497","2009-04-08 15:28:46","45","2017-11-11 19:13:31","3246","0"
"89391","miku","111372","3378","142","5399","2009-04-10 08:38:30","","2017-11-11 16:33:06","1344","37"
"98117","hammar","118922","7255","778","6842","2009-04-30 00:02:46","31","2017-11-11 18:42:49","1020","5"
"105929","Remus Rusanu","227443","3442","260","18848","2009-05-13 03:12:36","45","2017-11-11 20:19:09","4598","59"
"114251","Arun P Johny","298969","3355","148","59935","2009-05-29 11:35:03","32","2017-11-11 10:55:02","11124","66"
"115730","Dave DeLong","222364","6479","270","23272","2009-06-02 02:01:00","31","2017-11-10 04:03:14","1907","25"
"122718","usr","134805","14622","1356","9806","2009-06-14 12:30:09","29","2017-11-09 20:52:24","4326","109"
"128165","Gaby aka G. Petrioli","134605","4332","456","7505","2009-06-24 11:35:14","42","2017-11-11 14:56:27","3483","7"
"131527","ghostdog74","177975","224","292","5374","2009-07-01 07:16:51","","2014-11-23 00:26:18","2992","12"
"134633","caf","173979","5388","125","7586","2009-07-08 01:16:25","","2017-11-11 12:01:01","2834","3"
"135152","OMG Ponies","227909","5661","60","47915","2009-07-08 18:28:13","","2014-07-17 01:32:45","3015","34"
"137350","Vladimir","151966","2524","449","6577","2009-07-13 11:04:56","33","2017-11-10 19:12:01","1540","11"
"140750","William Pursell","112160","3197","1210","6625","2009-07-18 19:02:44","","2017-11-12 02:44:10","2459","63"
"142162","Tim Cooper","103199","3186","17740","11640","2009-07-21 16:42:50","","2017-11-12 01:51:01","1149","31"
"149392","sepp2k","259124","9404","653","8674","2009-08-02 20:29:18","31","2017-11-11 23:25:21","2561","4"
"164835","Kent","127518","450","106","7603","2009-08-28 12:15:59","","2017-11-10 15:52:37","4082","25"
"166339","Asaph","110703","4161","78","4216","2009-09-01 02:25:02","41","2017-11-11 21:49:24","1033","4"
"222908","Daniel Vassallo","240131","4502","101","19223","2009-12-02 13:17:41","34","2017-10-23 06:55:44","1526","0"
"223092","Mark Longair","233701","1326","3","6156","2009-12-02 17:24:47","41","2017-11-09 17:37:38","722","21"
"230513","trashgod","180685","20260","338","39855","2009-12-13 02:02:29","","2017-11-11 23:37:05","5235","10"
"250259","John Conde","170676","4244","15813","22560","2010-01-13 21:59:53","","2017-11-12 04:07:30","4331","17"
"251311","zerkms","168657","9031","6123","17324","2010-01-15 05:58:53","33","2017-11-11 22:31:22","3216","257"
"253056","Paul R","163663","13568","16077","19303","2010-01-18 09:29:42","59","2017-11-11 18:54:13","3548","30"
"271616","Joshua Ulrich","123291","5443","622","13916","2010-02-12 05:39:33","36","2017-11-10 14:04:31","1683","7"
"285587","Your Common Sense","123513","3359","26145","65761","2010-03-03 18:09:11","","2017-11-12 04:44:46","6151","31"
"321697","kcoppock","102362","3416","315","5862","2010-04-20 20:46:11","30","2017-11-11 23:09:22","1102","40"
"329769","BrokenGlass","124003","6207","771","4502","2010-04-30 13:07:05","","2017-11-10 20:55:33","2384","5"
"341251","Joe Stefanelli","101100","2159","21","6023","2010-05-14 13:12:52","50","2017-11-10 20:21:48","2060","0"
"366904","Cody Gray","174278","18042","18652","40815","2010-06-11 06:57:36","28","2017-11-11 00:52:40","2501","12"
"379897","R..","140943","4136","1060","20611","2010-06-26 05:33:46","","2017-11-12 03:25:19","2901","167"
"405015","thirtydot","169711","12752","2089","11202","2010-07-28 20:47:47","26","2017-11-11 22:28:57","1929","0"
"405017","Phrogz","197643","10697","1229","15321","2010-01-05 20:15:32","44","2017-11-10 22:36:06","2099","273"
"464988","MByD","107995","3299","186","8780","2010-10-03 04:28:19","32","2017-11-08 09:00:44","2362","33"
"497418","zzzzBov","114753","3733","3999","6672","2010-11-04 16:34:00","30","2017-11-12 01:08:53","1744","57"
"541091","Michael Berkowski","203474","9155","981","15438","2010-12-13 21:19:52","38","2017-11-12 00:43:34","3738","10"
"561731","Neal","103377","3093","2999","15687","2011-01-03 20:37:07","29","2017-11-10 19:45:38","2586","99"
"654031","Chris Pratt","124988","845","1847","15840","2011-03-10 17:41:51","35","2017-11-11 23:42:51","3514","48"
"734069","Nicol Bolas","241609","3331","3922","25120","2011-05-02 07:17:28","40","2017-11-12 04:39:36","3795","30"
"771848","alecxe","273299","29713","2645","24409","2011-05-26 18:34:14","30","2017-11-12 01:33:12","8218","212"
"846892","Ashwini Chaudhary","153424","4851","4274","26149","2011-07-15 17:16:44","27","2017-11-11 20:32:55","3756","18"
"851273","Jon Lin","114432","1897","224","5789","2011-07-19 05:01:07","43","2017-11-07 21:10:28","5070","2"
"871050","Madara Uchiha","101220","5617","2391","34775","2011-07-30 20:57:35","26","2017-11-11 15:59:19","2657","74"
"1338292","Ja͢ck","133755","3980","2729","11100","2012-04-17 08:58:38","","2017-11-12 00:13:31","3883","17"
"1965","FlySwat","101133","739","795","5895","2008-08-19 15:51:08","","2011-01-06 03:59:04","628","147"
"3043","Joel Coehoorn","277073","10828","1227","39037","2008-08-26 13:24:14","37","2017-11-12 01:23:16","5807","102"
"3560","John Millikin","140188","565","113","4535","2008-08-29 05:20:51","","2015-07-04 04:38:45","527","12"
"4249","matt b","102421","6983","332","7884","2008-09-02 14:13:06","35","2017-11-09 14:44:00","1734","66"
"4883","Readonly","110167","297","36","2727","2008-09-06 10:24:59","47","2017-09-28 17:34:45","21","117"
"5987","Mark Ransom","202048","13448","294","31106","2008-09-11 21:06:49","","2017-11-12 04:18:20","4809","69"
"7412","dogbane","163220","395","326","4942","2008-09-15 13:41:51","35","2017-11-03 23:04:47","1804","56"
"8206","Eli Bendersky","141918","2213","249","22477","2008-09-15 15:24:06","37","2017-11-11 21:18:34","1406","75"
"8985","Ryan McGeary","163214","975","79","7335","2008-09-15 17:24:08","39","2017-11-12 03:53:30","147","9"
"9530","Adam Rosenfield","272940","9453","613","17414","2008-09-15 19:04:15","31","2017-11-08 23:18:33","2173","28"
"12870","Oli","105077","939","144","7882","2008-09-16 16:02:28","33","2017-11-10 12:36:09","629","191"
"13531","Michael Myers","139623","4371","155","28981","2008-09-16 19:39:52","","2017-11-11 23:24:16","580","8"
"14065","Loki Astari","177112","2537","817","22670","2008-09-16 21:51:44","","2017-11-11 23:16:44","2459","85"
"14343","Ned Batchelder","219493","2252","463","13398","2008-09-16 23:18:03","55","2017-11-12 03:45:11","2572","41"
"18393","cletus","457601","2392","395","58285","2008-09-19 00:24:47","44","2017-11-04 04:38:58","3013","58"
"19679","Brad Larson","157121","4720","5495","66773","2008-09-20 15:57:51","39","2017-11-10 22:03:49","1619","14"
"21234","skaffman","310306","5470","4007","44184","2008-09-23 16:38:35","","2017-10-23 00:08:15","3266","50"
"25646","bbum","152186","2649","747","22493","2008-10-06 22:13:23","48","2017-11-11 22:56:24","2126","0"
"28169","unwind","290531","4759","649","21967","2008-10-15 09:20:48","42","2017-11-10 15:49:57","5871","8"
"31671","alex","303387","19177","2641","31310","2008-10-27 01:07:58","31","2017-11-10 14:53:24","4793","494"
"44389","Noldorin","102614","3016","263","5179","2008-12-08 19:42:16","27","2017-11-12 03:02:49","788","52"
"47773","Matthew Flaschen","197522","8683","1200","12064","2008-12-19 13:36:42","29","2017-10-03 13:09:22","3174","24"
"50617","Employed Russian","105302","2209","260","9083","2008-12-31 23:01:32","","2017-11-12 04:05:40","2587","1"
"56338","sth","145408","1893","1310","7426","2009-01-18 02:31:30","","2017-11-10 19:59:37","1549","9"
"57428","sharptooth","115728","24955","0","8758","2009-01-21 08:23:46","","2017-11-10 12:26:59","1905","1026"
"62082","Michelle Tilley","118928","2716","100","8292","2009-02-03 18:56:42","32","2017-11-08 05:06:30","1012","23"
"65358","Reed Copsey","433644","6315","112","42085","2009-02-12 00:21:11","41","2017-11-03 22:45:25","7431","18"
"73070","Joey","234517","1966","582","14220","2009-03-03 04:54:56","32","2017-11-11 10:35:13","3224","67"
"76337","John Saunders","143644","16064","9074","58220","2009-02-14 18:44:05","59","2017-11-10 03:01:33","5288","49"
"82187","Adam Robinson","133070","1657","692","8861","2009-03-24 19:10:57","34","2017-09-30 04:32:33","1794","44"
"82294","Dietrich Epp","133861","1927","288","7696","2009-03-24 23:09:11","","2017-11-12 02:10:24","1752","17"
"85371","sehe","242166","12728","1458","19876","2009-03-31 21:38:26","41","2017-11-12 03:14:57","6583","13"
"87189","tadman","133799","10012","1520","9539","2009-04-05 00:28:59","42","2017-11-10 21:58:27","3654","17"
"87234","GManNickG","267897","12245","854","40344","2009-04-05 06:44:56","28","2017-11-12 02:48:21","1381","17"
"96100","Tim Down","222370","2308","132","16490","2009-04-26 01:30:56","","2017-11-10 16:56:51","1952","3"
"97160","Amro","109929","6466","642","12288","2009-04-28 14:45:21","32","2017-11-11 20:36:40","1813","11"
"113570","Philippe Leybaert","114951","1900","315","5411","2009-05-28 07:12:54","48","2017-11-10 04:05:24","838","36"
"126014","Mark Seemann","166433","5007","54","24327","2009-06-19 22:38:23","47","2017-11-11 20:28:05","2132","50"
"128421","the Tin Man","124029","3446","2668","17235","2009-06-24 19:18:25","63","2017-11-08 19:43:27","3450","12"
"139010","Matt Ball","256097","4657","5281","28186","2009-07-15 20:56:00","30","2017-11-11 03:34:58","3735","103"
"139459","Sarfraz","269088","8734","566","23614","2009-07-16 12:52:49","33","2017-11-11 21:03:21","4408","148"
"139985","Stephen C","451938","2547","2377","42709","2009-07-17 07:28:22","61","2017-11-12 03:59:05","11746","18"
"141172","Eric J.","112658","3315","512","7813","2009-07-20 04:36:50","51","2017-11-09 19:21:09","2967","369"
"143305","Dirk Eddelbuettel","243859","2026","1275","33159","2009-07-23 00:34:05","","2017-11-12 04:04:40","3220","5"
"148870","Amber","296447","938","262","27511","2009-08-01 06:57:06","30","2017-11-12 04:21:35","3421","2"
"151292","James McNellis","267224","1892","656","29648","2009-08-05 19:01:38","32","2017-08-15 18:30:33","2724","14"
"153982","Keith Hill","125461","587","55","4449","2009-05-01 17:34:25","54","2017-11-12 04:39:13","2047","51"
"187606","Pekka 웃","330877","12455","10940","60268","2009-10-10 10:29:32","37","2017-11-11 21:50:17","7008","257"
"206403","Rocket Hazmat","148624","14118","1391","12841","2009-11-08 21:04:20","29","2017-11-10 15:18:40","2845","76"
"217408","Günter Zöchbauer","225135","16984","429","41276","2009-11-23 22:46:16","48","2017-11-11 21:13:50","7974","90"
"240443","Amadan","106991","2801","378","5564","2009-12-29 20:22:18","43","2017-11-11 13:31:59","3343","40"
"246342","Alex K.","124004","5422","956","8770","2010-01-08 11:18:16","41","2017-11-11 23:17:58","3000","0"
"252000","fredoverflow","147233","4432","239","14233","2010-01-16 02:41:04","","2017-11-11 20:18:30","1000","426"
"256196","Bohemian","256767","7461","1997","30532","2010-01-21 21:16:54","","2017-11-12 03:47:36","7975","110"
"314488","Pranay Rana","114470","2653","575","16493","2010-01-12 05:02:26","32","2017-10-06 14:31:51","2232","24"
"334519","Travis Brown","105632","2408","920","9978","2010-05-06 14:33:55","","2017-11-10 11:43:24","1238","64"
"338665","ircmaxell","125694","1903","378","16529","2010-05-11 19:36:40","34","2017-11-11 19:44:06","1080","13"
"342852","Sean Patrick Floyd","201102","5331","54","20400","2010-05-17 08:14:51","46","2017-11-10 19:55:58","2536","71"
"390330","basarat","106338","1309","39","7136","2010-07-13 10:05:38","33","2017-11-12 02:10:29","3348","80"
"419970","Raynos","122257","1188","807","12893","2010-08-13 20:09:07","28","2017-05-17 06:34:45","1481","121"
"426671","bluefeet","168792","3879","3551","32932","2010-08-20 19:01:52","42","2017-11-11 22:59:36","3528","57"
"429846","Gavin Simpson","120010","4371","367","8176","2010-08-24 17:25:03","41","2017-11-10 17:32:21","1425","12"
"434551","R Sahu","133173","5307","302","5581","2010-08-30 02:21:47","53","2017-11-12 04:35:09","5705","51"
"454533","Explosion Pills","134068","3523","184","10612","2010-09-22 00:01:40","31","2017-11-11 21:23:13","4442","247"
"505154","Andrew Clark","122728","936","33","3321","2010-11-11 23:05:59","29","2017-10-31 17:24:28","1967","9"
"541136","Aaron Hall","105864","2959","866","26621","2010-12-13 21:54:43","38","2017-11-12 04:30:50","642","31"
"567292","ecatmur","103587","1914","760","3960","2011-01-07 18:11:52","35","2017-11-10 17:02:38","1836","25"
"1542290","Mr. Alien","105091","2102","74","35542","2012-07-21 06:55:20","27","2017-11-11 19:43:48","1765","29"
"1705598","icza","108347","4743","7","4861","2012-09-28 07:43:58","","2017-11-11 22:29:36","1940","12"
"1863229","Tim Biegeleisen","127521","7396","2533","13022","2012-11-29 12:47:34","","2017-11-12 04:37:48","6081","45"
"1873365","Thierry Templier","109106","1802","5","8782","2011-04-11 09:35:41","","2017-11-10 18:15:31","2316","45"
"2711488","Holger","116523","1970","973","9907","2013-08-23 15:01:34","","2017-11-10 18:09:19","2468","1"
"2970947","Elliott Frisch","132455","4422","2852","11876","2013-11-09 01:20:44","40","2017-11-12 04:42:12","5876","0"
"3293881","Divakar","125406","5767","96","7497","2014-02-10 17:11:35","","2017-11-11 23:34:09","3829","5"
"13","Chris Jester-Young","167078","5200","210","32121","2008-08-01 04:18:04","37","2017-10-29 15:55:40","2145","10"
"91","Michael Stum","106382","6999","53","10790","2008-08-01 17:55:22","","2017-11-12 01:01:29","709","323"
"476","deceze","346978","10597","29388","49461","2008-08-06 08:15:28","34","2017-11-11 18:10:29","7482","71"
"582","Kevin Ballard","134609","714","138","6308","2008-08-06 22:43:52","32","2017-11-11 20:51:48","1488","6"
"2988","Jörg W Mittag","262545","1059","5661","23740","2008-08-26 10:27:55","38","2017-11-12 01:32:14","2921","1"
"3333","Paul Tomblin","126363","3931","557","13191","2008-08-28 00:32:00","56","2017-11-12 04:43:05","1204","131"
"5486","Kyralessa","140140","1756","263","6442","2008-09-09 23:09:59","42","2017-11-11 21:55:21","270","85"
"6509","tim_yates","117077","2697","1470","6016","2008-09-15 11:40:21","","2017-11-11 22:41:24","2394","0"
"6782","Alnitak","243956","1465","1617","13646","2008-09-15 12:37:18","48","2017-11-12 04:24:25","3817","40"
"9021","nickf","331232","2576","317","14336","2008-09-15 17:31:26","33","2017-10-31 13:43:00","1717","330"
"11654","CL.","117412","5368","5032","7717","2008-09-16 09:51:23","41","2017-11-11 13:01:27","5650","0"
"14955","Thilo","177395","9230","656","11385","2008-09-17 04:23:55","","2017-11-12 04:18:38","3258","210"
"20670","Tim Pietzcker","220526","9551","1006","11567","2008-09-22 19:14:24","47","2017-11-11 15:31:25","4218","20"
"20713","ephemient","137145","3169","220","11982","2008-09-22 20:08:10","32","2017-11-12 04:33:53","1599","5"
"23528","Daniel A. White","133439","1784","12679","18995","2008-09-29 17:08:04","31","2017-11-12 03:13:43","3462","176"
"24874","Drew Noakes","157294","4633","136","8360","2008-10-03 15:02:28","","2017-11-09 08:01:43","1017","303"
"33732","Rob Kennedy","137859","3284","449","9848","2008-11-03 19:14:48","37","2017-11-12 04:04:27","2073","19"
"35070","phihag","163952","2743","672","13973","2008-11-06 12:54:37","30","2017-11-11 22:18:38","2067","46"
"36305","Dimitre Novatchev","198545","5285","1284","41353","2008-11-10 19:55:35","","2017-11-12 04:37:24","5018","6"
"36565","David Rodríguez - dribeas","162175","4833","444","13695","2008-11-11 13:38:13","","2017-11-09 13:42:15","2919","5"
"36723","bdonlan","155885","2731","333","10800","2008-11-11 21:53:33","29","2017-11-12 00:15:55","1338","40"
"39430","RedFilter","122843","682","154","6070","2008-11-20 19:13:38","","2017-11-11 22:47:51","2336","30"
"45914","jason","177698","1722","1463","8509","2008-12-13 03:42:48","","2016-06-07 20:02:15","2040","19"
"46642","R. Martinho Fernandes","147448","6077","2282","21016","2008-12-16 12:15:06","30","2017-11-11 01:51:08","1219","77"
"50476","Bart Kiers","119439","3413","2373","13071","2008-12-31 12:19:36","40","2017-11-11 21:58:00","1883","11"
"50552","Andomar","172469","3218","209","6861","2008-12-31 17:45:01","44","2017-11-10 18:12:27","4042","26"
"62576","Ken White","101066","10890","30610","25217","2009-02-04 19:31:57","","2017-11-12 04:26:45","2421","8"
"65387","mpen","102628","10023","298","10457","2009-02-12 03:01:00","30","2017-11-11 01:47:25","1049","1339"
"69545","Rainer Joswig","100437","2237","1172","9674","2009-02-22 11:07:22","","2017-11-12 00:22:26","1511","1"
"69755","Brian Campbell","196590","1101","61","19057","2009-02-23 05:39:52","35","2017-11-10 21:13:26","1020","18"
"82548","David Thomas","184100","8612","3886","15400","2009-03-25 12:30:35","39","2017-11-12 01:24:42","4352","27"
"93623","Fredrik Mörk","120953","2248","11","7640","2009-04-21 07:15:58","45","2017-11-10 09:15:31","1667","7"
"94197","Andy E","232768","3606","505","9417","2009-04-22 08:23:05","34","2017-11-10 15:46:10","1695","44"
"95592","Matthew Rankin","218123","2946","14","6122","2009-04-24 16:22:09","43","2017-11-11 12:39:53","116","69"
"101361","laalto","103045","1288","3343","12619","2009-05-05 07:09:41","38","2017-11-12 04:26:19","2900","8"
"113716","user113716","237107","3608","265","11564","2009-05-28 12:41:06","","2011-10-24 00:12:42","2553","17"
"113962","Alasdair","131556","5075","358","5466","2009-05-28 20:26:55","32","2017-11-11 18:27:21","3114","16"
"116908","Carl Norum","160773","4817","1845","10865","2009-06-03 21:08:24","37","2017-11-12 04:37:02","2802","9"
"121747","Jack","100216","444","82","3546","2009-06-12 02:53:19","33","2017-11-12 03:06:37","2416","140"
"123527","Simone Carletti","134835","1787","184","10877","2009-06-16 06:58:46","","2017-11-12 04:22:21","2056","25"
"125816","Sergio Tulentsev","155400","2781","3581","14936","2009-06-19 15:31:19","35","2017-11-11 23:04:42","3023","15"
"126042","Mark Rushakoff","158401","1482","0","7856","2009-06-20 01:27:02","32","2014-10-15 06:10:13","1172","22"
"146325","APC","102765","3478","1407","8608","2009-07-28 10:51:49","53","2017-11-11 23:05:19","2985","0"
"149341","duskwuff","127567","482","2935","5794","2008-10-24 09:45:27","","2017-11-12 04:28:54","3586","4"
"153285","Potatoswatter","102521","2843","686","8065","2009-08-09 12:44:57","33","2017-11-11 21:52:44","2274","112"
"190597","unutbu","460600","15989","325","23293","2009-10-15 12:48:20","","2017-11-12 03:47:36","7099","16"
"201359","Óscar López","157690","4525","889","6874","2009-11-03 02:23:29","","2017-11-12 03:48:23","3587","18"
"209103","Frank van Puffelen","144785","6335","1625","27781","2009-11-11 22:30:27","","2017-11-12 03:26:06","3964","15"
"218196","Felix Kling","468491","5936","1971","68744","2009-11-24 23:08:09","32","2017-11-12 04:41:26","6582","8"
"220819","Jacob Relkin","124606","4081","208","13452","2009-11-29 12:27:51","28","2017-11-11 19:05:12","1337","25"
"227665","codaddict","302884","5782","65","15781","2009-12-09 03:02:29","","2017-08-08 03:50:18","2845","8"
"243782","Pentium10","115258","3625","139","8686","2010-01-05 09:37:40","33","2017-11-11 11:43:46","1299","424"
"260990","Jigar Joshi","180326","4834","15","38198","2010-01-28 12:51:22","30","2017-11-12 03:25:26","3558","48"
"264697","Steven","112155","5145","301","13562","2010-02-02 20:23:47","37","2017-11-11 22:24:31","2241","54"
"270591","Slauma","133754","2499","4","4138","2010-02-10 20:18:35","","2014-12-03 16:51:39","1475","100"
"314166","sawa","117760","6390","12105","11396","2010-04-06 21:02:07","","2017-11-11 19:55:59","3295","501"
"325565","Joe Kington","149573","10805","1","9664","2010-04-25 21:22:39","35","2017-11-11 16:25:58","1051","2"
"367456","hakre","147469","9358","9115","23543","2010-06-15 15:42:31","41","2017-11-11 17:22:18","4413","59"
"438992","Dave Newton","129883","1524","2294","24028","2010-09-03 13:23:45","48","2017-11-11 22:18:46","3897","10"
"464581","Cheers and hth. - Alf","113752","1509","869","19209","2010-06-22 20:59:53","55","2017-11-12 02:08:28","3128","45"
"479863","mu is too short","317720","10576","1956","43397","2010-10-18 22:44:11","47","2017-11-12 04:43:06","5355","4"
"491243","John Woo","182985","2531","1621","25118","2010-10-29 11:47:10","","2017-11-11 02:46:24","5734","60"
"501557","templatetypedef","235087","13043","118","25494","2010-11-09 07:08:36","","2017-11-12 03:48:15","3591","163"
"501696","Blackbelt","114829","2683","6019","11188","2010-11-09 09:50:13","35","2017-11-11 21:48:06","3331","48"
"507674","Niet the Dark Absol","234916","1368","1450","18895","2010-11-14 23:02:33","25","2017-11-11 19:44:40","7667","267"
"546730","H.B.","110294","1305","529","6541","2010-12-18 02:28:18","28","2017-11-11 19:10:06","2597","27"
"67","Rex M","110370","4178","777","8318","2008-08-01 14:49:18","","2017-11-08 23:16:33","1129","35"
"745","dbr","106314","3391","116","4120","2008-08-08 13:47:26","","2016-11-15 13:12:18","545","111"
"811","Shog9","118369","3710","1810","25095","2008-08-09 03:53:10","37","2017-11-11 06:44:57","487","3"
"813","Jeremy Ruten","109737","1370","8","7769","2008-08-09 03:58:13","","2017-11-10 17:21:34","485","28"
"1288","Bill the Lizard","257725","16089","19074","144653","2008-08-14 12:14:17","43","2017-11-12 03:58:11","1689","67"
"3153","Brian R. Bondy","225096","2611","117","20555","2008-08-27 02:45:05","36","2017-05-24 14:50:03","1353","151"
"3171","Dave Webb","141008","3045","207","7483","2008-08-27 06:27:02","43","2017-11-07 17:52:05","911","13"
"4279","jfs","220105","22280","1076","25367","2008-09-02 16:10:17","","2017-11-12 04:11:00","4475","37"
"6521","Paul Dixon","213270","3224","521","11550","2008-09-15 11:56:50","46","2017-11-11 22:29:12","1304","20"
"7714","Craig Stuntz","114778","5787","244","11404","2008-09-15 14:17:08","","2017-11-10 14:14:33","2185","13"
"10397","Justin Cave","174694","4840","379","15816","2008-09-15 22:53:58","41","2017-11-12 02:03:54","3251","0"
"12597","Ian Boyd","101798","4470","135","9043","2008-09-16 14:53:25","44","2017-11-12 04:22:04","710","822"
"12711","Michael Burr","262712","10566","517","16026","2008-09-16 15:22:32","","2017-11-11 18:21:44","3579","6"
"12855","SilentGhost","156484","1163","1071","19724","2008-09-16 15:59:43","","2017-11-05 12:54:08","1007","7"
"13005","Steve Jessop","218643","5433","753","20274","2008-09-16 16:36:39","","2017-10-06 13:26:19","3246","12"
"16883","Michael Borgwardt","271097","3111","1299","23573","2008-09-17 21:54:55","40","2017-11-11 23:53:47","3057","64"
"17516","AnthonyWJones","153968","5761","233","13657","2008-09-18 10:29:51","51","2017-11-09 12:59:49","3235","36"
"18771","Tomalak","233086","6828","189","19296","2008-09-19 11:44:16","39","2017-11-12 00:57:43","4284","53"
"18936","bobince","405913","3883","597","55304","2008-09-17 20:27:26","41","2017-11-04 14:13:13","4579","1"
"20860","Bill Karwin","328058","7650","153","39718","2008-09-23 02:05:00","50","2017-11-12 04:35:08","5034","15"
"21886","RichieHindle","171016","4407","627","9039","2008-09-24 21:02:45","46","2017-11-11 11:34:34","1575","35"
"28804","mipadi","250319","2679","335","10298","2008-10-17 03:04:38","32","2017-11-11 01:00:38","1737","83"
"32632","Charles Bretana","100908","514","210","5471","2008-10-30 01:47:08","68","2017-11-11 14:59:08","2100","35"
"33518","Tomas Petricek","182973","916","97","13840","2008-11-02 23:44:26","32","2017-11-09 01:08:41","2618","0"
"34088","Aaron Digulla","224573","8209","209","28312","2008-11-04 11:46:49","","2017-11-10 15:36:47","6022","322"
"34211","Andrew Hare","245069","4131","42","20158","2008-11-04 15:58:57","33","2017-11-08 17:46:28","2543","12"
"40347","Dirk Vollmar","123088","5440","352","8341","2008-11-24 18:30:02","41","2017-11-11 20:50:53","1435","20"
"41071","svick","150605","14832","1660","9783","2008-11-26 15:47:57","29","2017-11-11 23:19:30","3021","73"
"48015","Christoph","114885","744","79","4627","2008-12-20 17:57:30","","2017-11-11 15:23:08","870","8"
"48082","Cheeso","125463","3831","307","11130","2008-12-21 03:44:34","","2017-11-11 01:36:53","1637","426"
"50742","Chuck","188836","9467","855","11286","2009-01-01 20:27:00","","2017-11-11 00:17:41","2620","2"
"52738","gnovice","105705","4655","1750","12916","2009-01-08 02:31:43","40","2017-11-12 03:40:29","1586","4"
"53013","Daniel C. Sobral","237441","8573","77","21855","2009-01-08 17:09:13","46","2017-11-07 22:19:36","1995","69"
"53114","Gumbo","452473","1466","284","37601","2009-01-08 22:12:01","33","2017-10-15 16:01:33","4575","13"
"70393","karim79","271268","5912","329","19641","2009-02-24 14:42:48","38","2017-10-09 15:28:52","2536","22"
"70604","Pascal Thivent","442438","4160","241","47804","2009-02-24 23:21:47","41","2017-10-26 20:05:19","4746","2"
"73226","Martin Smith","305659","15179","4650","25942","2009-03-03 13:40:52","","2017-11-12 00:43:27","4429","17"
"75525","Fenton","122159","2702","231","6727","2009-03-09 08:37:01","39","2017-11-11 14:15:36","2652","93"
"92315","Fabien Ménager","112429","240","53","2566","2009-04-17 19:52:39","32","2017-11-10 15:33:51","199","6"
"98713","Thomas Levesque","216161","5198","256","18524","2009-04-30 16:19:57","36","2017-11-11 12:05:35","3449","130"
"103167","Ben Voigt","219676","9342","1474","28182","2009-05-07 21:29:29","35","2017-11-10 21:58:08","5814","53"
"104891","CrazyCoder","228454","2548","73","18772","2009-05-11 16:04:13","36","2017-11-12 04:41:12","2037","0"
"112968","knittl","129467","2564","303","4318","2009-05-27 07:53:46","","2017-11-11 22:09:12","1353","82"
"116862","Ole Begemann","120204","1791","163","7424","2009-06-03 19:59:19","","2017-11-11 19:28:01","1478","11"
"118068","Marc B","294902","2237","5298","34177","2009-06-05 15:12:46","44","2016-11-02 21:30:20","10737","0"
"135589","Jesper","132981","6187","662","9015","2009-07-09 11:33:07","46","2017-11-11 13:57:01","1842","24"
"145190","meder omuraliev","123891","4586","255","30355","2009-07-26 05:53:32","29","2017-11-10 01:40:33","1696","390"
"152602","Lee","109628","3548","269","3371","2009-08-07 16:26:29","","2017-11-11 22:35:49","2012","0"
"152948","hobbs","124263","1454","626","4092","2009-08-08 11:16:57","31","2017-11-12 03:08:35","1283","3"
"166749","Fred Foo","253355","9140","2557","14848","2009-09-01 17:19:20","","2016-04-21 13:00:57","3983","68"
"171456","ZimSystem","119044","3279","2169","6846","2009-09-10 13:49:42","","2017-11-10 15:55:28","1917","22"
"207421","EJP","233166","8188","22913","53626","2009-11-10 00:46:24","","2017-11-12 04:43:35","13238","11"
"215945","Mark Rajcok","258568","3041","63","16947","2009-11-21 03:43:06","49","2017-11-11 17:33:56","1016","32"
"263693","Stephen Cleary","234491","1510","1186","21484","2010-02-01 16:46:11","40","2017-11-12 01:01:35","3607","11"
"276101","polygenelubricants","249076","2092","54","20336","2010-02-18 13:39:51","97","2013-10-04 21:23:47","1433","110"
"279627","Sven Marnach","278860","3098","356","10556","2010-02-23 15:55:08","40","2017-11-11 23:16:47","2236","12"
"284240","Tim Schmelter","319636","5921","2017","34704","2010-03-02 08:55:40","44","2017-11-11 01:58:46","9618","175"
"298661","Puppy","117274","1342","3129","14860","2010-03-21 22:56:02","","2017-11-11 18:46:37","3452","381"
"315935","Oleg","202853","1733","1","24981","2010-04-13 21:40:05","53","2017-11-12 00:30:31","5382","6"
"320615","Dogbert","120034","3418","693","4453","2010-04-19 17:46:03","","2017-11-11 23:52:59","1962","73"
"328193","David","133096","6268","14324","14559","2010-04-28 18:48:49","38","2017-11-12 00:41:22","4640","84"
"383904","Roko C. Buljan","109268","6746","2451","10758","2010-07-05 18:03:35","35","2017-11-11 18:54:09","3355","37"
"415784","Nawaz","227299","9332","890","21519","2010-08-10 05:22:54","","2017-11-11 15:10:05","3031","210"
"416467","kindall","109749","805","185","6914","2010-08-10 18:03:46","49","2017-11-12 02:20:21","2046","7"
"417562","lonesomeday","161472","3536","363","5635","2010-08-11 17:43:33","28","2017-11-11 09:47:14","2097","5"
"438154","Sotirios Delimanolis","182460","3009","37072","46292","2010-09-02 15:56:40","28","2017-11-12 04:39:31","4518","123"
"440558","Some programmer dude","251893","5689","1514","33860","2010-09-06 10:41:22","44","2017-11-12 04:18:50","8468","25"
"1175966","charlietfl","116679","794","11091","15688","2012-01-29 02:20:01","","2017-11-12 01:34:38","5460","2"
"1187415","Martin R","324367","3276","3949","24283","2012-02-03 11:49:20","","2017-11-12 03:34:44","5155","8"
"1240268","Andy Hayden","128584","4513","1139","8646","2012-02-29 12:41:00","32","2017-11-12 02:30:00","1720","54"
"1298762","Adil","115933","4360","196","10319","2012-03-28 16:42:35","","2017-11-11 11:14:37","3500","0"
"1348195","Benjamin Gruenbaum","156375","3951","2817","23489","2012-04-21 11:00:33","29","2017-11-11 19:08:27","1742","70"
"1501794","Rahul Tripathi","113108","4955","891","13333","2012-07-04 14:02:55","","2017-11-10 13:32:13","4782","27"
"1630171","Ansgar Wiechers","113914","3711","2762","13698","2012-04-25 22:28:40","","2017-11-11 17:54:09","4687","0"
"1668533","Satpal","105205","635","1064","8308","2012-09-13 12:04:56","34","2017-11-11 21:51:38","3775","4"
"1679863","Rohit Jain","146301","5000","110","22791","2012-09-18 09:44:29","28","2017-11-09 04:58:20","2844","61"
"1715579","p.s.w.g","106476","3646","757","6380","2012-10-02 22:07:15","34","2017-11-10 21:15:26","2472","41"
"1774667","Yakk","143809","4581","1382","7781","2012-10-25 15:20:36","","2017-11-12 04:21:52","3626","24"
"2069064","Barry","139559","4342","1903","7514","2013-02-13 16:10:03","","2017-11-11 19:18:43","2961","162"
"569436","Mikael Eriksson","107464","4380","399","5555","2011-01-10 06:30:12","","2017-11-10 14:55:36","2568","3"
"643383","Caleb","102770","4920","2031","5803","2011-03-03 17:10:06","","2017-11-12 03:41:42","2970","16"
"714501","cnicutar","134075","832","0","5338","2011-04-19 04:04:10","28","2017-11-11 12:16:50","2206","0"
"714968","mKorbel","102415","33735","48","12425","2011-04-19 10:05:01","","2017-11-10 12:59:06","2940","51"
"721269","David Schwartz","124262","3351","2692","17284","2011-04-22 23:47:33","48","2017-11-11 23:26:33","3854","17"
"762073","xdazz","122441","907","589","5105","2011-05-20 03:03:15","32","2017-11-10 03:20:30","3830","13"
"980833","Josh O'Brien","113444","4471","219","7212","2011-10-05 17:04:45","","2017-11-11 22:14:46","1237","21"
"981959","Jonathan Wakely","116276","6566","1177","11346","2011-10-06 10:00:55","","2017-11-11 09:53:52","2015","3"
"989121","georg","117570","3145","561","7831","2011-10-11 08:40:52","","2017-11-12 01:01:43","1853","106"
"1009603","PSL","105023","3400","1321","8620","2011-10-23 14:47:00","33","2017-11-11 09:06:23","2143","5"
"1126841","chepner","188471","14070","3557","7727","2012-01-02 21:41:39","43","2017-11-12 03:18:20","6014","5"
"1226963","rmaddy","192323","2306","19530","33373","2012-02-22 21:58:04","","2017-11-12 04:44:18","4669","19"
"1259510","JohnnyHK","170935","3444","1816","6894","2012-03-09 14:28:43","","2017-11-12 00:11:50","2315","2"
"1386886","jAndy","154436","1651","579","8373","2010-03-30 10:29:42","35","2017-11-02 01:17:34","1990","61"
"1560062","zero323","121115","3354","4179","16575","2012-07-28 19:33:10","","2017-10-02 22:47:29","2163","6"
"1566221","rici","126722","1370","1314","5429","2012-07-31 15:39:53","","2017-11-12 04:31:06","3782","7"
"1708801","Shafik Yaghmour","109923","4321","4562","34001","2012-09-29 19:16:41","","2017-11-12 04:43:57","1565","23"
"1988185","Wain","108614","1976","284","8899","2013-01-17 18:44:36","","2017-11-11 09:47:24","4647","0"
"2587435","peeskillet","120943","9578","745","9292","2013-07-16 12:57:29","","2017-11-12 04:27:15","3340","43"
"3297613","Avinash Raj","133526","1933","776","21036","2014-02-11 14:27:57","26","2017-11-10 14:57:34","6179","99"
"3732271","akrun","302109","19962","0","38967","2014-06-12 01:21:33","","2017-11-11 19:36:19","12271","0"
"548225","anubhava","454670","18719","831","83715","2010-12-20 05:10:40","","2017-11-12 03:51:59","20565","10"
"571407","JB Nizet","470600","4646","5991","56371","2011-01-11 14:47:57","42","2017-11-11 18:44:12","13016","7"
"589924","ikegami","237072","1693","1156","11357","2011-01-26 00:02:36","","2017-11-10 05:34:58","6067","12"
"615754","nnnnnn","112257","2900","0","22239","2011-02-14 05:43:01","","2017-11-12 04:20:41","3116","3"
"635608","Mat","150294","4889","11760","20346","2011-02-26 14:59:13","40","2017-11-11 12:45:16","2410","0"
"653856","Raghunandan","107910","2278","3475","18381","2011-03-10 15:56:36","31","2017-11-11 18:02:16","2929","8"
"704848","EdChum","121814","12764","6517","12592","2011-04-12 20:25:50","","2017-11-11 23:43:45","2940","3"
"707111","Ryan","147879","5113","6179","41936","2011-04-08 20:01:10","20","2017-11-11 05:05:29","3638","46"
"790387","Burhan Khalid","105269","2431","755","11091","2011-06-09 06:29:59","38","2017-11-12 04:29:11","3387","6"
"813602","Ingo Karkat","114169","2412","520","5037","2011-06-24 06:57:34","41","2017-11-11 22:30:23","3250","4"
"825568","Joseph Silber","132946","1059","372","6245","2010-09-08 06:24:18","","2017-11-10 07:00:46","1951","24"
"829571","assylias","211722","13823","1332","15086","2011-07-05 11:15:18","40","2017-11-11 10:34:25","3501","133"
"848164","undefined","113483","7890","5004","9952","2011-07-16 21:26:41","30","2017-11-07 17:43:20","3367","3"
"852828","jrturton","100257","2773","1086","5362","2011-07-19 21:01:43","39","2017-11-10 16:41:05","1926","20"
"872395","nemesv","114031","4145","1454","7931","2011-08-01 07:57:33","33","2017-11-11 19:50:20","1579","0"
"893780","robertklep","110908","1320","191","6217","2011-08-14 10:42:47","43","2017-11-11 13:31:13","2710","1"
"922184","Mysticial","337425","7045","3","94442","2011-08-31 18:07:23","29","2017-11-11 14:07:45","842","2"
"949476","dfsq","148237","9482","189","9024","2011-09-16 19:42:55","31","2017-11-11 22:31:23","4318","0"
"965051","adeneo","241404","2156","876","18010","2011-09-26 12:32:05","","2017-11-11 09:13:20","7454","0"
"1081897","D Stanley","114983","2533","354","3970","2011-12-05 16:16:17","","2017-11-11 22:51:26","3878","1"
"1084437","Jukka K. Korpela","134347","2582","2160","10046","2011-12-06 21:46:50","65","2017-11-08 14:18:09","3972","4"
"1202025","ρяσѕρєя K","103952","1815","2701","12396","2012-02-10 12:27:58","32","2017-11-12 02:46:06","2928","5"
"1221571","Eran","217543","7357","1574","18124","2012-02-20 16:47:39","41","2017-11-12 04:20:30","6283","11"
"1270695","A5C1D2H2I1M1N2O1R2T1","134655","3035","368","13023","2012-03-15 04:34:02","39","2017-11-12 00:45:36","2832","10"
"1271826","Rob","251667","5835","714","17182","2012-03-15 14:45:16","","2017-11-12 04:44:47","4816","11"
"1707091","rgettman","129829","5756","592","4846","2012-09-28 18:41:39","41","2017-11-11 17:18:49","3016","2"
"1855677","42-","186835","6251","1168","19973","2009-09-16 02:13:56","68","2017-11-11 21:44:14","5513","19"
"1902010","ceejayoz","128363","9705","9458","11066","2008-08-21 14:30:42","34","2017-11-12 04:10:49","2970","49"
"2141635","Padraic Cunningham","120760","4367","11079","13602","2013-03-06 20:20:31","37","2017-11-11 21:48:37","5143","56"
"2225682","falsetru","210705","3446","2225","13021","2013-03-29 20:37:55","37","2017-11-12 04:41:41","5253","1"
"2680216","Josh Crozier","127676","40027","6523","14559","2013-08-13 21:08:35","","2017-11-12 04:18:05","2189","0"
"2877241","Vlad from Moscow","128320","2131","1029","9487","2013-10-13 23:45:02","","2017-11-12 03:32:25","6197","24"
"452307","Alok Save","153336","1281","259","15129","2010-09-20 04:25:48","","2017-11-11 11:55:22","2592","75"
"464709","Frédéric Hamidi","188214","10127","14398","16853","2010-10-02 16:45:58","41","2017-11-10 09:38:40","2521","1"
"464744","Blender","178500","2864","735","21285","2010-10-02 17:47:48","","2017-11-12 04:08:26","4053","106"
"477878","Joachim Isaksson","128741","1239","391","9228","2010-10-16 11:38:14","","2017-11-10 12:39:51","3205","1"
"526535","manojlds","184126","1594","649","8547","2010-12-01 12:41:51","29","2017-11-12 03:21:38","2090","16"
"535871","Ted Hopp","183843","3186","317","17565","2010-12-09 03:30:12","67","2017-11-10 18:12:49","4278","77"
"541686","Mehrdad","116174","3657","406","13790","2010-12-14 08:54:07","","2017-11-12 04:36:27","1206","822"
"546861","romainl","111231","2472","476","4756","2010-12-18 07:51:38","","2017-11-11 21:41:23","2463","1"
"560648","Lightness Races in Orbit","249742","10654","12597","130191","2011-01-02 22:20:15","","2017-11-11 22:14:51","5689","223"
"602276","Andrie","118939","4729","731","6024","2011-02-03 21:28:29","47","2017-11-11 18:40:57","1140","38"
"605744","Tomasz Nurkiewicz","238405","4949","70","26532","2011-02-06 23:08:00","32","2017-09-03 10:05:49","2959","13"
"616443","j08691","149621","2163","17936","18723","2011-02-14 15:35:53","","2017-11-12 03:46:02","4566","6"
"634824","Matt Johnson","109009","5226","982","8133","2011-02-25 20:27:48","41","2017-11-11 01:02:42","2196","72"
"673730","Luchian Grigore","182775","3416","1416","18545","2011-03-23 19:21:18","29","2017-11-09 15:57:31","3970","122"
"674039","wim","111782","6978","2487","6985","2011-03-23 23:40:27","35","2017-11-12 00:05:45","1890","259"
"716216","Mick MacCallum","102585","6850","7768","22011","2011-04-20 00:17:08","25","2017-11-10 19:35:34","1181","17"
"841108","Basile Starynkevitch","148995","15711","3388","16216","2011-07-12 16:04:35","58","2017-11-11 22:57:45","5536","52"
"869736","Louis Wasserman","131913","10845","443","15591","2011-07-29 16:32:37","27","2017-11-09 01:44:42","2375","12"
"938089","Rob W","238902","2883","558","15543","2011-09-10 10:44:59","24","2017-11-10 23:02:28","2749","5"
"961113","Habib","163915","4162","1788","14098","2011-09-23 12:13:07","","2017-11-09 18:51:15","3389","1"
"978917","ruakh","109355","5161","587","4950","2011-10-04 16:49:48","33","2017-11-12 04:35:30","2353","8"
"1159478","Servy","165913","6037","30609","16682","2012-01-19 21:17:04","","2017-11-11 22:47:46","4456","2"
"1197518","Steve","166234","3425","7995","11163","2012-02-08 15:13:17","57","2017-11-11 23:48:36","5703","7"
"1204143","nneonneo","112581","2647","2006","10667","2012-02-11 18:26:55","28","2017-11-11 18:16:38","2221","49"
"1210329","geocodezip","107301","352","25986","39421","2012-02-15 01:24:04","","2017-11-12 01:32:06","4372","1"
"1256452","torek","123269","1451","2","3712","2012-03-08 07:18:02","54","2017-11-12 02:26:36","2932","4"
"1903116","thefourtheye","139771","8440","1172","12359","2012-02-03 05:26:34","","2017-11-07 05:45:01","2968","21"
"1919155","Mats Petersson","101340","399","18","6983","2012-12-20 14:53:01","","2017-11-11 05:41:10","3656","1"
"1983854","fedorqui","136115","7855","740","14580","2013-01-16 13:43:45","","2017-11-11 21:24:03","2662","82"
"2189127","James_D","113220","891","2781","7578","2013-03-20 03:00:16","","2017-11-12 04:37:45","3590","1"
"2357112","user2357112","112565","2496","7008","10313","2013-05-07 06:17:28","","2017-11-12 04:29:49","2976","22"
"2422776","Mureinik","135983","6625","27469","10364","2013-05-26 17:34:48","36","2017-11-11 18:04:36","5704","0"
"2901002","jezrael","179234","8406","332","25158","2013-10-20 20:27:26","32","2017-11-12 02:41:15","7222","25"
"116","Mark Harrison","150072","2461","37","15804","2008-08-02 05:51:57","55","2017-11-12 03:52:29","334","324"
"740","SQLMenace","101803","548","53","7217","2008-08-08 13:23:40","47","2017-04-05 16:34:25","1483","1"
"1968","Konrad Rudolph","357712","13440","938","52818","2008-08-19 15:59:21","32","2017-11-11 17:06:11","3565","96"
"2648","Dónal","112252","1446","404","6815","2008-08-23 22:40:47","97","2017-11-10 13:08:35","1152","699"
"4668","Alan Storm","121485","2188","280","14564","2008-09-05 04:08:05","97","2017-11-11 21:19:10","1269","330"
"9951","e-satis","301561","3536","202","28429","2008-09-15 20:34:12","","2017-11-09 13:29:31","488","213"
"10661","S.Lott","289943","8707","1024","65598","2008-09-16 00:47:55","61","2017-11-07 18:48:42","3885","16"
"12950","tvanfosson","390200","4817","371","40114","2008-09-16 16:22:14","55","2017-11-10 22:03:19","5367","41"
"14104","epascarello","136931","2871","5488","12417","2008-09-16 22:00:05","37","2017-11-11 03:37:41","4818","3"
"14122","Charles Duffy","135488","3297","1912","9566","2008-09-16 22:05:28","","2017-11-12 02:27:28","3177","55"
"15055","Claudiu","110648","3802","102","7661","2008-09-17 05:31:28","29","2017-11-11 00:04:20","941","615"
"15416","MSalters","121233","4415","592","10855","2008-09-17 09:05:24","43","2017-11-11 10:57:08","4874","44"
"15498","Damien_The_Unbeliever","167211","2962","320","17313","2008-09-17 09:56:44","39","2017-11-11 18:08:12","4216","37"
"17160","nosklo","126264","766","660","5651","2008-09-18 03:28:06","39","2017-11-10 18:22:09","748","10"
"17172","coobird","119703","1888","1","3698","2008-09-18 03:41:31","33","2017-11-03 10:17:35","472","3"
"19750","Josh Lee","101227","1599","5846","8296","2008-09-20 19:50:33","29","2017-11-12 04:33:17","743","4"
"24181","Greg","228417","756","139","13097","2008-10-01 15:15:11","36","2016-04-26 11:00:30","1358","14"
"33708","Mehrdad Afshari","311744","1781","688","47801","2008-11-03 17:41:05","","2017-11-09 17:19:47","2294","8"
"34509","Johannes Schaub - litb","375520","4992","1935","93387","2008-11-05 00:38:23","31","2017-11-12 00:38:07","2559","188"
"41661","Norman Ramsey","153283","2879","324","37941","2008-11-28 18:22:08","55","2017-11-09 22:12:08","1455","102"
"46058","Jakub Narębski","180078","1406","40","10250","2008-12-14 01:08:47","41","2017-11-11 22:28:00","408","56"
"54680","Sampson","202055","4676","322","25069","2009-01-13 17:11:55","34","2017-11-08 22:23:19","2761","70"
"59303","ChrisF","106876","2533","633","21892","2009-01-27 11:28:18","","2017-11-11 22:26:47","2507","40"
"65863","Remy Lebeau","281088","5921","689","24339","2009-02-13 02:07:31","37","2017-11-12 04:20:13","8937","4"
"68587","John Kugelman","205668","6312","3222","11314","2009-02-19 19:47:36","35","2017-11-11 23:29:16","2921","21"
"75170","John Feminella","204659","299","12","11803","2009-03-08 02:20:18","","2017-11-11 14:35:21","1072","65"
"76217","dtb","154118","4388","964","5705","2009-03-10 16:03:02","34","2014-05-01 08:39:44","1625","26"
"77567","rob mayoff","259966","1203","212","16155","2009-03-13 05:50:13","47","2017-11-11 23:07:56","3443","0"
"85785","mythz","106600","5907","72","8109","2009-04-01 17:00:26","","2017-11-12 04:46:08","2509","22"
"87698","Heinzi","110795","5147","250","3722","2009-04-06 16:20:11","37","2017-11-11 11:10:35","1922","210"
"91299","RRUZ","119220","3706","113","9498","2009-04-15 20:35:23","39","2017-11-11 23:31:56","1637","44"
"102937","Robert Harvey","138449","7696","1358","78208","2009-05-07 14:45:58","","2017-11-09 22:07:40","3194","164"
"103154","axtavt","189568","8794","18","5955","2009-05-07 21:00:08","31","2017-11-11 19:50:58","2405","0"
"104349","Daniel Roseman","382202","10913","7447","36382","2009-05-10 12:36:13","44","2017-11-11 23:33:03","10343","7"
"106224","BoltClock","449613","12588","2332","90277","2009-05-13 11:40:29","25","2017-11-12 04:16:43","4318","25"
"126769","nos","158654","6724","2044","7280","2009-06-22 08:06:23","","2017-11-12 00:52:57","2600","36"
"129570","Oliver Charlesworth","205883","2991","10356","30337","2009-06-26 17:46:26","34","2017-11-11 21:26:14","4100","20"
"140740","DigitalRoss","113170","838","252","6625","2009-07-18 18:34:17","","2017-09-13 17:32:23","1961","1"
"147192","Matthieu M.","176130","9970","241","14839","2009-07-29 14:58:22","33","2017-11-11 14:11:30","2995","64"
"165737","Anurag","106864","4485","38","7932","2009-08-30 22:41:14","","2017-11-10 06:43:29","1031","39"
"174728","John La Rooy","179316","2240","214","13388","2009-09-17 03:45:43","","2017-11-10 23:52:50","3651","8"
"190277","Ben Bolker","114269","17122","558","22864","2009-10-15 00:43:05","","2017-11-10 15:07:17","2221","35"
"193688","Chris Johnsen","124481","4382","56","1802","2009-10-21 10:04:54","","2017-11-12 02:56:05","351","0"
"203907","Bozho","436607","7195","246","74119","2009-11-05 18:11:23","30","2017-11-10 13:42:55","5636","150"
"216074","poke","164504","2376","573","13567","2009-11-21 13:29:25","29","2017-11-10 14:47:03","2854","82"
"224671","kennytm","363120","6048","496","28312","2009-12-04 10:54:10","29","2017-11-10 19:20:40","3789","13"
"229044","meagar","157440","2733","7058","27441","2009-12-10 18:20:20","35","2017-11-12 04:02:44","2830","12"
"247533","Rex Kerr","139966","5264","115","6342","2010-01-10 16:22:28","","2017-11-12 00:00:46","1605","20"
"266304","Alex Poole","105265","7424","1696","7520","2010-02-04 15:24:59","45","2017-11-12 00:25:48","3496","0"
"341994","matt","265745","1469","11123","32193","2010-05-15 16:05:56","","2017-11-12 03:17:14","6752","60"
"352765","Spudley","129003","7092","290","5321","2010-05-28 09:57:51","","2017-11-11 15:32:46","2682","12"
"367273","NPE","300544","3915","662","18383","2010-06-15 12:55:43","","2017-11-06 00:43:31","6532","56"
"394487","siride","102719","638","729","1728","2010-07-17 05:12:03","","2017-11-11 19:30:54","278","13"
"514749","pimvdb","102062","8208","202","5865","2010-11-20 22:34:33","","2017-08-18 12:54:31","1442","164"
"516548","G. Grothendieck","108871","3451","344","6980","2010-11-22 19:12:05","","2017-11-12 02:31:06","2658","0"
"519413","Rory McCrossan","205965","10542","15288","19583","2010-11-24 21:35:23","35","2017-11-10 12:12:34","6785","37"
"524368","datenwolf","123848","3876","408","9288","2010-11-29 21:08:58","35","2017-11-11 03:01:15","3760","28"
"572644","Daniel Hilgarth","127272","5091","1821","11114","2011-01-12 11:57:12","33","2017-11-10 16:38:04","2775","150"
"575376","juergen d","143078","4965","5991","10126","2011-01-14 08:06:27","40","2017-11-12 02:01:47","4847","139"
"576911","Howard Hinnant","122557","1488","5","18536","2011-01-15 17:43:37","","2017-11-11 18:46:01","1158","10"
"594420","RP Niemeyer","107612","106","4","10160","2011-01-28 21:13:15","","2017-11-10 17:08:02","1039","0"
"622310","Borodin","111918","1677","7643","6997","2011-02-17 23:24:44","60","2017-11-11 23:20:25","4385","14"
"661519","juanchopanza","174785","9668","20930","11119","2011-03-15 22:51:06","","2017-11-11 23:01:18","3452","12"
"748858","mgilson","181414","4380","146","8348","2011-02-23 15:37:06","32","2017-11-11 04:21:50","3968","126"
"816620","jfriend00","354745","3400","4084","17774","2011-06-26 23:59:00","","2017-11-12 00:58:19","9534","37"
"827263","Keith Thompson","169686","1380","569","33930","2011-07-03 20:48:38","58","2017-11-12 02:02:25","2862","14"
"871026","Reimeus","132739","1148","151","6566","2011-07-30 20:23:27","","2017-11-11 23:38:51","3534","19"
"908494","abarnert","190252","4827","2673","11509","2011-08-23 20:55:30","47","2017-04-09 23:45:56","4788","4"
"992484","MadProgrammer","275166","10418","828","41493","2011-10-13 00:33:02","45","2017-11-12 04:39:04","9512","13"
"993547","Patrick Hofman","105635","2493","7001","9843","2011-10-13 13:26:38","33","2017-11-11 22:31:16","3208","5"
"995876","Esailija","110024","1568","1735","11508","2011-10-14 17:19:46","29","2017-11-10 13:57:41","2268","3"
"1001643","Raymond Hettinger","107061","2612","343","21106","2011-10-18 16:56:27","53","2017-11-12 04:37:34","1484","15"
"1011995","Daniel Fischer","151534","6939","1146","19715","2011-10-25 02:46:29","","2017-11-11 19:35:53","2133","3"
"1048572","Bergi","288460","7528","3143","25386","2011-11-15 22:20:42","","2017-11-11 21:09:21","8298","27"
"1103872","Marko Topolnik","127577","1986","1087","17516","2011-12-17 20:18:41","","2017-11-11 21:16:37","2930","37"
"1119701","ouah","114054","1762","359","3338","2011-12-28 16:54:19","","2017-11-11 21:10:47","2331","0"
"1418796","pkozlowski.opensource","107304","596","322","10092","2012-05-26 08:16:14","","2017-11-10 17:22:17","444","1"
"1427416","BrenBarn","135678","473","1458","4983","2012-05-31 03:36:44","","2017-11-10 16:42:10","2253","20"
"1447675","Nina Scholz","109881","3382","1417","16823","2012-06-10 18:26:40","","2017-11-11 23:02:53","5509","0"
"1491895","Barmar","345806","5251","2474","45438","2012-06-29 18:12:29","56","2017-11-11 23:35:25","16457","14"
"1529630","Oriol","125316","1524","3273","5922","2012-07-16 17:38:57","","2017-06-03 21:27:40","3564","105"
"1782465","Angew","111922","16474","397","5638","2012-10-29 09:30:27","36","2017-11-10 21:21:18","2207","31"
"2380830","Bathsheba","134712","5736","4627","10068","2013-05-14 08:33:02","","2017-11-11 23:21:58","3748","40"
"3681880","Suragch","122962","8810","61","3738","2014-05-28 01:38:32","","2017-11-12 00:06:31","628","204"
"3832970","Wiktor Stribiżew","228397","9904","14780","21171","2014-07-12 19:17:14","37","2017-11-12 00:24:08","8953","0"